raw_string, loop_depth, number_BB, number_exits, number_exit_blocks, num_successors, isexit, isbackedge, isdestinationinloop, isdestinationnestedloop, opcode_condition, prev_instr_1, prev_instr_2, operand_1.constant, operand_1.isfunctionarg, operand_1.isglobalvar, operand_1.isgeneralvar, operand_1.other, operand_2.constant, operand_2.isfunctionarg, operand_2.isglobalvar, operand_2.isgeneralvar, operand_2.other, operand_3.constant, operand_3.isfunctionarg, operand_3.isglobalvar, operand_3.isgeneralvar, operand_3.other, operand_4.constant, operand_4.isfunctionarg, operand_4.isglobalvar, operand_4.isgeneralvar, operand_4.other, branch_prob
"  br i1 %39, label %40, label %69, !prof !37",1, 4, 2, 2, 2, 1, 0, 1, 0, 53, 32, 56, 0, 0, 0, 1, 0, 0, 0, 0, 1, 0, 0, 0, 0, 0, 1, 0, 0, 0, 0, 0, 8.000000e-01
"  br i1 %77, label %78, label %103, !prof !37",1, 9, 7, 7, 2, 1, 0, 1, 0, 53, 32, 32, 0, 0, 0, 1, 0, 0, 0, 0, 1, 0, 0, 0, 0, 0, 0, 0, 0, 0, 0, 0, 8.000000e-01
"  br i1 %108, label %109, label %141, !prof !41",1, 11, 7, 7, 2, 1, 0, 1, 0, 53, 32, 56, 0, 0, 0, 1, 0, 0, 0, 0, 1, 0, 0, 0, 0, 0, 1, 0, 0, 0, 0, 0, 7.500000e-01
"  br i1 %133, label %134, label %137, !prof !43",1, 11, 7, 7, 2, 0, 0, 1, 0, 54, 32, 32, 0, 0, 0, 1, 0, 0, 0, 0, 1, 0, 0, 0, 0, 0, 0, 0, 0, 0, 0, 0, 0.000000e+00
"  br i1 %10, label %11, label %._crit_edge, !prof !36",1, 2, 1, 1, 2, 1, 0, 1, 0, 53, 34, 34, 0, 0, 0, 1, 0, 1, 0, 0, 0, 0, 0, 0, 0, 1, 0, 4, 0, 0, 0, 0, 2.500000e-01
"  br i1 %10, label %11, label %._crit_edge, !prof !36",1, 2, 1, 1, 2, 1, 0, 1, 0, 53, 34, 34, 0, 0, 0, 1, 0, -1, 0, 0, 0, 0, 0, 0, 0, 1, 0, 0, 0, 0, 0, 0, 2.500000e-01
"  br i1 %28, label %29, label %150, !prof !36",-1, -1, -1, -1, -1, 0, 0, 0, 0, 53, 32, 56, 0, 0, 0, 1, 0, 0, 0, 0, 1, 0, 0, 0, 0, 0, 1, 0, 0, 0, 0, 0, 1.000000e+00
"  br i1 %39, label %40, label %63, !prof !36",-1, -1, -1, -1, -1, 0, 0, 0, 0, 56, 32, 32, 0, 0, 0, 1, 0, 0, 0, 0, 1, 0, 0, 0, 0, 0, 0, 0, 0, 0, 0, 0, 1.000000e+00
"  br i1 %42, label %43, label %55, !prof !37",-1, -1, -1, -1, -1, 0, 0, 0, 0, 53, 32, 0, 0, 0, 0, 1, 0, 0, 0, 0, 0, 0, 0, 0, 0, 0, 0, 0, 0, 0, 0, 0, 0.000000e+00
"  br i1 %46, label %47, label %55",-1, -1, -1, -1, -1, 0, 0, 0, 0, 53, 32, 32, 0, 0, 0, 1, 0, 0, 0, 0, 1, 0, 0, 0, 0, 0, 0, 0, 0, 0, 0, 0, 5.882274e-02
"  br i1 %57, label %58, label %62, !prof !36",-1, -1, -1, -1, -1, 0, 0, 0, 0, 53, 32, 0, 0, 0, 0, 1, 0, 0, 0, 0, 0, 0, 0, 0, 0, 0, 0, 0, 0, 0, 0, 0, 1.000000e+00
"  br i1 %65, label %66, label %74",-1, -1, -1, -1, -1, 0, 0, 0, 0, 53, 32, 0, 0, 0, 0, 1, 0, 0, 0, 0, 0, 0, 0, 0, 0, 0, 0, 0, 0, 0, 0, 0, 6.250000e-01
"  br i1 %69, label %70, label %74",-1, -1, -1, -1, -1, 0, 0, 0, 0, 53, 32, 32, 0, 0, 0, 1, 0, 0, 0, 0, 1, 0, 0, 0, 0, 0, 0, 0, 0, 0, 0, 0, 5.882274e-02
"  br i1 %76, label %77, label %89",-1, -1, -1, -1, -1, 0, 0, 0, 0, 53, 32, 0, 0, 0, 0, 1, 0, 0, 0, 0, 0, 0, 0, 0, 0, 0, 0, 0, 0, 0, 0, 0, 6.250000e-01
"  br i1 %80, label %81, label %89",-1, -1, -1, -1, -1, 0, 0, 0, 0, 53, 32, 32, 0, 0, 0, 1, 0, 0, 0, 0, 1, 0, 0, 0, 0, 0, 0, 0, 0, 0, 0, 0, 5.882274e-02
"  br i1 %92, label %93, label %148",-1, -1, -1, -1, -1, 0, 0, 0, 0, 53, 32, 32, 0, 0, 0, 1, 0, 0, 0, 0, 1, 0, 0, 0, 0, 0, 0, 0, 0, 0, 0, 0, 5.000000e-01
"  br i1 %100, label %101, label %105",-1, -1, -1, -1, -1, 0, 0, 0, 0, 53, 34, 34, 0, 0, 0, 1, 0, 0, 0, 0, 1, 0, 0, 0, 0, 1, 0, 0, 0, 0, 1, 0, 5.882274e-02
"  br i1 %110, label %111, label %126",-1, -1, -1, -1, -1, 0, 0, 0, 0, 53, 32, 34, 0, 0, 0, 1, 0, 0, 0, 0, 1, 0, 0, 0, 0, 1, 0, 0, 0, 0, 0, 0, 9.411772e-01
"  br i1 %16, label %17, label %19, !prof !36",-1, -1, -1, -1, -1, 0, 0, 0, 0, 53, 15, 32, 0, 0, 0, 1, 0, 0, 0, 0, 1, 0, 0, 0, 0, 1, 0, 0, 0, 0, 0, 0, 0.000000e+00
"  br i1 %4, label %6, label %7, !prof !36",-1, -1, -1, -1, -1, 0, 0, 0, 0, 5, 32, 0, 0, 0, 0, 1, 0, 0, 0, 0, 0, 0, 0, 0, 0, 0, 0, 0, 0, 0, 0, 0, 1.000000e+00
"  br i1 %10, label %17, label %11, !prof !36",-1, -1, -1, -1, -1, 0, 0, 0, 0, 56, 31, 32, 1, 0, 0, 0, 0, 0, 0, 0, 1, 0, 0, 0, 0, 1, 0, 0, 0, 0, 0, 1, 1.000000e+00
"  br i1 %8, label %9, label %12",-1, -1, -1, -1, -1, 0, 0, 0, 0, 53, 32, 0, 0, 0, 0, 1, 0, 0, 0, 0, 0, 0, 0, 0, 0, 0, 0, 0, 0, 0, 0, 0, 9.411772e-01
"  br i1 %8, label %9, label %12, !prof !36",-1, -1, -1, -1, -1, 0, 0, 0, 0, 53, 32, 0, 0, 0, 0, 1, 0, 0, 0, 0, 0, 0, 0, 0, 0, 0, 0, 0, 0, 0, 0, 0, 0.000000e+00
"  br i1 %28, label %29, label %33",-1, -1, -1, -1, -1, 0, 0, 0, 0, 53, 32, 0, 0, 0, 0, 1, 0, 0, 0, 0, 0, 0, 0, 0, 0, 0, 0, 0, 0, 0, 0, 0, 5.000000e-01
"  br i1 %35, label %36, label %45",-1, -1, -1, -1, -1, 0, 0, 0, 0, 53, 32, 0, 0, 0, 0, 1, 0, 0, 0, 0, 0, 0, 0, 0, 0, 0, 0, 0, 0, 0, 0, 0, 5.000000e-01
"  br i1 %38, label %39, label %45",-1, -1, -1, -1, -1, 0, 0, 0, 0, 53, 32, 0, 0, 0, 0, 1, 0, 0, 0, 0, 0, 0, 0, 0, 0, 0, 0, 0, 0, 0, 0, 0, 5.000000e-01
"  br i1 %47, label %48, label %60",-1, -1, -1, -1, -1, 0, 0, 0, 0, 53, 32, 0, 0, 0, 0, 1, 0, 0, 0, 0, 0, 0, 0, 0, 0, 0, 0, 0, 0, 0, 0, 0, 5.000000e-01
"  br i1 %7, label %8, label %14, !prof !36",-1, -1, -1, -1, -1, 0, 0, 0, 0, 53, 56, 56, 0, 0, 0, 1, 0, 0, 0, 0, 0, 1, 0, 0, 0, 1, 0, 0, 0, 0, 0, 1, 1.000000e+00
"  br i1 %11, label %12, label %13, !prof !37",-1, -1, -1, -1, -1, 0, 0, 0, 0, 53, 32, 0, 0, 0, 0, 1, 0, 0, 0, 0, 0, 0, 0, 0, 0, 0, 0, 0, 0, 0, 0, 0, 0.000000e+00
"  br i1 %9, label %10, label %12",-1, -1, -1, -1, -1, 0, 0, 0, 0, 53, 32, 0, 0, 0, 0, 1, 0, 0, 0, 0, 0, 0, 0, 0, 0, 0, 0, 0, 0, 0, 0, 0, 3.750000e-01
"  br i1 %9, label %10, label %12, !prof !36",-1, -1, -1, -1, -1, 0, 0, 0, 0, 53, 32, 0, 0, 0, 0, 1, 0, 0, 0, 0, 0, 0, 0, 0, 0, 0, 0, 0, 0, 0, 0, 0, 0.000000e+00
"  br i1 %11, label %12, label %13",-1, -1, -1, -1, -1, 0, 0, 0, 0, 53, 32, 56, 0, 0, 0, 1, 0, 0, 0, 0, 1, 0, 0, 0, 0, 0, 1, 0, 0, 0, 0, 0, 1.525879e-05
"  br i1 %17, label %18, label %36",-1, -1, -1, -1, -1, 0, 0, 0, 0, 53, 32, 32, 0, 0, 0, 1, 0, 0, 0, 0, 1, 0, 0, 0, 0, 0, 0, 0, 0, 0, 0, 0, 5.000000e-01
"  br i1 %23, label %24, label %36",-1, -1, -1, -1, -1, 0, 0, 0, 0, 53, 32, 17, 0, 0, 0, 1, 0, 2, 0, 0, 0, 0, 0, 0, 0, 1, 0, 0, 0, 0, 0, 0, 5.000000e-01
"  br i1 %31, label %32, label %35",-1, -1, -1, -1, -1, 0, 0, 0, 0, 53, 32, 56, 0, 0, 0, 1, 0, 0, 0, 0, 1, 0, 0, 0, 0, 0, 1, 0, 0, 0, 0, 0, 5.000000e-01
"  br i1 %4, label %8, label %5, !prof !36",-1, -1, -1, -1, -1, 0, 0, 0, 0, 56, 32, 0, 0, 0, 0, 1, 0, 0, 0, 0, 0, 0, 0, 0, 0, 0, 0, 0, 0, 0, 0, 0, 1.000000e+00
"  br i1 %10, label %11, label %16",-1, -1, -1, -1, -1, 0, 0, 0, 0, 53, 32, 56, 0, 0, 0, 1, 0, 0, 0, 0, 1, 0, 0, 0, 0, 0, 1, 0, 0, 0, 0, 0, 9.536743e-07
"  br i1 %13, label %14, label %15",-1, -1, -1, -1, -1, 0, 0, 0, 0, 53, 32, 0, 0, 0, 0, 1, 0, 0, 0, 0, 0, 0, 0, 0, 0, 0, 0, 0, 0, 0, 0, 0, 5.000000e-01
