raw_string, loop_depth, number_BB, number_exits, number_exit_blocks, num_successors, isexit, isbackedge, isdestinationinloop, isdestinationnestedloop, opcode_condition, prev_instr_1, prev_instr_2, operand_1.constant, operand_1.isfunctionarg, operand_1.isglobalvar, operand_1.isgeneralvar, operand_1.other, operand_2.constant, operand_2.isfunctionarg, operand_2.isglobalvar, operand_2.isgeneralvar, operand_2.other, operand_3.constant, operand_3.isfunctionarg, operand_3.isglobalvar, operand_3.isgeneralvar, operand_3.other, operand_4.constant, operand_4.isfunctionarg, operand_4.isglobalvar, operand_4.isgeneralvar, operand_4.other, branch_prob
"  br i1 %15, label %16, label %43, !prof !37",1, 9, 7, 7, 2, 1, 0, 1, 0, 53, 32, 56, 0, 0, 0, 1, 0, 0, 0, 0, 1, 0, 0, 0, 0, 0, 1, 0, 0, 0, 0, 0, 8.750000e-01
"  br i1 %45, label %46, label %56, !prof !41",-1, -1, -1, -1, -1, 0, 0, 0, 0, 53, 56, 0, 0, 0, 0, 1, 0, 0, 0, 0, 0, 1, 0, 0, 0, 0, 0, 0, 0, 0, 0, 0, 0.000000e+00
"  br i1 %16, label %17, label %23, !prof !36",-1, -1, -1, -1, -1, 0, 0, 0, 0, 53, 32, 0, 0, 0, 0, 1, 0, 0, 0, 0, 0, 0, 0, 0, 0, 0, 0, 0, 0, 0, 0, 0, 0.000000e+00
"  br i1 %18, label %19, label %22, !prof !36",-1, -1, -1, -1, -1, 0, 0, 0, 0, 53, 32, 0, 0, 0, 0, 1, 0, 0, 0, 0, 0, 0, 0, 0, 0, 0, 0, 0, 0, 0, 0, 0, 0.000000e+00
"  br i1 %11, label %12, label %13",-1, -1, -1, -1, -1, 0, 0, 0, 0, 53, 32, 56, 0, 0, 0, 1, 0, 0, 0, 0, 1, 0, 0, 0, 0, 0, 1, 0, 0, 0, 0, 0, 1.525879e-05
"  br i1 %17, label %18, label %36",-1, -1, -1, -1, -1, 0, 0, 0, 0, 53, 32, 32, 0, 0, 0, 1, 0, 0, 0, 0, 1, 0, 0, 0, 0, 0, 0, 0, 0, 0, 0, 0, 5.000000e-01
"  br i1 %23, label %24, label %36",-1, -1, -1, -1, -1, 0, 0, 0, 0, 53, 32, 17, 0, 0, 0, 1, 0, 2, 0, 0, 0, 0, 0, 0, 0, 1, 0, 0, 0, 0, 0, 0, 5.000000e-01
"  br i1 %31, label %32, label %35",-1, -1, -1, -1, -1, 0, 0, 0, 0, 53, 32, 56, 0, 0, 0, 1, 0, 0, 0, 0, 1, 0, 0, 0, 0, 0, 1, 0, 0, 0, 0, 0, 5.000000e-01
"  br i1 %6, label %7, label %11, !prof !36",-1, -1, -1, -1, -1, 0, 0, 0, 0, 53, 32, 0, 0, 0, 0, 1, 0, 0, 0, 0, 0, 0, 0, 0, 0, 0, 0, 0, 0, 0, 0, 0, 0.000000e+00
"  br i1 %10, label %11, label %16",-1, -1, -1, -1, -1, 0, 0, 0, 0, 53, 32, 56, 0, 0, 0, 1, 0, 0, 0, 0, 1, 0, 0, 0, 0, 0, 1, 0, 0, 0, 0, 0, 9.536743e-07
"  br i1 %13, label %14, label %15",-1, -1, -1, -1, -1, 0, 0, 0, 0, 53, 32, 0, 0, 0, 0, 1, 0, 0, 0, 0, 0, 0, 0, 0, 0, 0, 0, 0, 0, 0, 0, 0, 5.000000e-01
"  br i1 %8, label %9, label %12, !prof !36",-1, -1, -1, -1, -1, 0, 0, 0, 0, 53, 32, 0, 0, 0, 0, 1, 0, 0, 0, 0, 0, 0, 0, 0, 0, 0, 0, 0, 0, 0, 0, 0, 0.000000e+00
"  br i1 %9, label %10, label %12, !prof !36",-1, -1, -1, -1, -1, 0, 0, 0, 0, 53, 32, 0, 0, 0, 0, 1, 0, 0, 0, 0, 0, 0, 0, 0, 0, 0, 0, 0, 0, 0, 0, 0, 0.000000e+00
"  br i1 %4, label %8, label %5, !prof !36",-1, -1, -1, -1, -1, 0, 0, 0, 0, 56, 32, 0, 0, 0, 0, 1, 0, 0, 0, 0, 0, 0, 0, 0, 0, 0, 0, 0, 0, 0, 0, 0, 1.000000e+00
"  br i1 %7, label %8, label %14, !prof !36",-1, -1, -1, -1, -1, 0, 0, 0, 0, 53, 56, 56, 0, 0, 0, 1, 0, 0, 0, 0, 0, 1, 0, 0, 0, 1, 0, 0, 0, 0, 0, 1, 1.000000e+00
"  br i1 %11, label %12, label %13, !prof !37",-1, -1, -1, -1, -1, 0, 0, 0, 0, 53, 32, 0, 0, 0, 0, 1, 0, 0, 0, 0, 0, 0, 0, 0, 0, 0, 0, 0, 0, 0, 0, 0, 0.000000e+00
